text,label
burger,restaurant
chinese food,restaurant
taj mahal,tourist_attraction
india gate,tourist_attraction
best sunset point,tourist_attraction
local attractions,tourist_attraction
cafe near me,cafe
museum in mumbai,museum
pizza place,restaurant
sunset view,tourist_attraction
find me a restaurant,restaurant
taco place around here,restaurant
taco place around here,restaurant
can you any food court nearby,restaurant
taco place around here,restaurant
Lunch spots in this area,restaurant
show restaurants near me,restaurant
lunch spots in this area,restaurant
any food court nearby,restaurant
Where is the art museum,museum
Temples with history,tourist_attraction
photo spots nearby,tourist_attraction
city view points,tourist_attraction
any castles to visit,tourist_attraction
best sightseeing today,tourist_attraction
famous city sights,tourist_attraction
old forts in this area,tourist_attraction
popular tourist spots,tourist_attraction
famous monuments here,tourist_attraction
battlefield sites around,tourist_attraction
battlefield sites around,tourist_attraction
guided tour locations,tourist_attraction
photo spots nearby,tourist_attraction
starbucks location,cafe
nearest costa coffee,cafe
starbucks location please,cafe
coffee shop near me,cafe
place for cappuccino,cafe
best cafes around,cafe
starbucks location,cafe
cafe with free wifi,cafe
place for cappuccino,cafe
modern art gallery near me,museum
museum open today,museum
i want to visit a museum,museum
where is the art museum,museum
free entry museums,museum
museum open today,museum
science museum location,museum
kids friendly museum,museum
history museum in town,museum
science museum location,museum
best pizza nearby,restaurant
dinner places open now,restaurant
find me a restaurant,restaurant
any food court nearby,restaurant
best pizza nearby,restaurant
burger joint nearby,restaurant
where to eat sushi,restaurant
show restaurants near me,restaurant
i want to eat pasta,restaurant
any food court nearby,restaurant
any castles to visit,tourist_attraction
old forts in this area,tourist_attraction
visit historical places,tourist_attraction
ancient ruins nearby,tourist_attraction
battlefield sites around,tourist_attraction
famous monuments here,tourist_attraction
heritage walk info,tourist_attraction
places with rich history,tourist_attraction
temples with history,tourist_attraction
historical tours today,tourist_attraction
places with rich history,tourist_attraction
temples with history,tourist_attraction
places with rich history,tourist_attraction
i need a coffee,cafe
good place for tea,cafe
latte spots nearby,cafe
nearest costa coffee,cafe
coffee shop near me,cafe
starbucks location please,cafe
best cafes around,cafe
place for cappuccino,cafe
cafe with free wifi,cafe
starbucks location,cafe
places to see here,tourist_attraction
must visit attractions,tourist_attraction
photo spots nearby,tourist_attraction
top sightseeing spots,tourist_attraction
popular tourist spots,tourist_attraction
famous city sights,tourist_attraction
city view points,tourist_attraction
sightseeing bus info,tourist_attraction
best sightseeing today,tourist_attraction
guided tour locations,tourist_attraction
visit historical places,tourist_attraction
old forts in this area,tourist_attraction
ancient ruins nearby,tourist_attraction
famous monuments here,tourist_attraction
historical tours today,tourist_attraction
places with rich history,tourist_attraction
battlefield sites around,tourist_attraction
any castles to visit,tourist_attraction
heritage walk info,tourist_attraction
temples with history,tourist_attraction
can you coffee shop near me,cafe
starbucks location,cafe
good place for tea,cafe
find a quiet cafe,cafe
nearest costa coffee,cafe
coffee shop near me,cafe
place for cappuccino,cafe
best cafes around,cafe
i need a coffee,cafe
latte spots nearby,cafe
latte spots nearby,cafe
guided tour locations,tourist_attraction
free entry museums,museum
science museum location,museum
i want to visit a museum,museum
kids friendly museum,museum
history museum in town,museum
museum open today,museum
modern art gallery near me,museum
where is the art museum,museum
can you best pizza nearby,restaurant
taco place around here,restaurant
show restaurants near me,restaurant
dinner places open now,restaurant
find me a restaurant,restaurant
best pizza nearby,restaurant
burger joint nearby,restaurant
lunch spots in this area,restaurant
any food court nearby,restaurant
can you find me a restaurant,restaurant
old forts in this area,tourist_attraction
visit historical places,tourist_attraction
ancient ruins nearby,tourist_attraction
famous monuments here,tourist_attraction
historical tours today,tourist_attraction
places with rich history,tourist_attraction
battlefield sites around,tourist_attraction
any castles to visit,tourist_attraction
heritage walk info,tourist_attraction
temples with history,tourist_attraction
photo spots nearby,tourist_attraction
must visit attractions,tourist_attraction
places to see here,tourist_attraction
top sightseeing spots,tourist_attraction
popular tourist spots,tourist_attraction
city view points,tourist_attraction
best sightseeing today,tourist_attraction
famous city sights,tourist_attraction
sightseeing bus info,tourist_attraction
can you photo spots nearby,tourist_attraction
café with free wifi,cafe
coffee shop near me,cafe
good place for tea,cafe
place for cappuccino,cafe
starbucks location,cafe
best cafes around,cafe
i need a coffee,cafe
latte spots nearby,cafe
find a quiet cafe,cafe
nearest costa coffee,cafe
any good burger joint,restaurant
best pizza nearby,restaurant
burger joint nearby,restaurant
i want to eat pasta,restaurant
taco place around here,restaurant
show restaurants near me,restaurant
any food court nearby,restaurant
where to eat sushi,restaurant
lunch spots in this area,restaurant
find me a restaurant,restaurant
famous monuments here,tourist_attraction
visit historical places,tourist_attraction
heritage walk info,tourist_attraction
battlefield sites around,tourist_attraction
old forts in this area,tourist_attraction
ancient ruins nearby,tourist_attraction
temples with history,tourist_attraction
places with rich history,tourist_attraction
any castles to visit,tourist_attraction
historical tours today,tourist_attraction
popular tourist spots,tourist_attraction
top sightseeing spots,tourist_attraction
must visit attractions,tourist_attraction
places to see here,tourist_attraction
city view points,tourist_attraction
guided tour locations,tourist_attraction
best sightseeing today,tourist_attraction
sightseeing bus info,tourist_attraction
famous city sights,tourist_attraction
photo spots nearby,tourist_attraction
where is the art museum,museum
history museum in town,museum
science museum location,museum
kids friendly museum,museum
modern art gallery near me,museum
i want to visit a museum,museum
museum open today,museum
free entry museums,museum
any good exhibitions,museum
can you show me nearby museums,museum
coffee shop near me,cafe
good place for tea,cafe
place for cappuccino,cafe
find a quiet cafe,cafe
best cafes around,cafe
i need a coffee,cafe
café with free wifi,cafe
latte spots nearby,cafe
nearest costa coffee,cafe
starbucks location,cafe
find me a restaurant,restaurant
best pizza nearby,restaurant
burger joint nearby,restaurant
any good burger joint,restaurant
can you show restaurants near me,restaurant
i want to eat pasta,restaurant
taco place around here,restaurant
where to eat sushi,restaurant
lunch spots in this area,restaurant
any food court nearby,restaurant
museum open today,museum
kids friendly museum,museum
free entry museums,museum
science museum location,museum
modern art gallery near me,museum
where is the art museum,museum
history museum in town,museum
any good exhibitions,museum
i want to visit a museum,museum
show me nearby museums,museum
coffee shop near me,cafe
starbucks location,cafe
nearest costa coffee,cafe
good place for tea,cafe
find a quiet cafe,cafe
café with free wifi,cafe
best cafes around,cafe
i need a coffee,cafe
place for cappuccino,cafe
latte spots nearby,cafe
popular tourist spots,tourist_attraction
places to see here,tourist_attraction
top sightseeing spots,tourist_attraction
photo spots nearby,tourist_attraction
city view points,tourist_attraction
sightseeing bus info,tourist_attraction
must visit attractions,tourist_attraction
guided tour locations,tourist_attraction
famous city sights,tourist_attraction
best sightseeing today,tourist_attraction
old forts in this area,tourist_attraction
ancient ruins nearby,tourist_attraction
visit historical places,tourist_attraction
heritage walk info,tourist_attraction
temples with history,tourist_attraction
battlefield sites around,tourist_attraction
places with rich history,tourist_attraction
any castles to visit,tourist_attraction
famous monuments here,tourist_attraction
historical tours today,tourist_attraction
coffee shop near me,cafe
place for cappuccino,cafe
good place for tea,cafe
starbucks location,cafe
latte spots nearby,cafe
nearest costa coffee,cafe
cafe with free wifi,cafe
find a quiet cafe,cafe
best cafes around,cafe
i need a coffee,cafe
free entry museums,museum
science museum location,museum
modern art gallery near me,museum
i want to visit a museum,museum
museum open today,museum
kids friendly museum,museum
any good exhibitions,museum
history museum in town,museum
where is the art museum,museum
show me nearby museums,museum
must visit attractions,tourist_attraction
popular tourist spots,tourist_attraction
places to see here,tourist_attraction
top tourist_attraction spots,tourist_attraction
photo spots nearby,tourist_attraction
city view points,tourist_attraction
guided tour locations,tourist_attraction
best tourist_attraction today,tourist_attraction
famous city sights,tourist_attraction
tourist_attraction bus info,tourist_attraction
visit historical places,tourist_attraction
old forts in this area,tourist_attraction
temples with history,tourist_attraction
ancient ruins nearby,tourist_attraction
famous monuments here,tourist_attraction
any castles to visit,tourist_attraction
places with rich history,tourist_attraction
battlefield sites around,tourist_attraction
heritage walk info,tourist_attraction
historical tours today,tourist_attraction
best pizza nearby,restaurant
any food court nearby,restaurant
burger joint nearby,restaurant
where to eat sushi,restaurant
find me a restaurant,restaurant
i want to eat pasta,restaurant
taco place around here,restaurant
lunch spots in this area,restaurant
dinner places open now,restaurant
show restaurants near me,restaurant
I want to eat chinese,restaurant
Find me a good italian restaurant,restaurant
Where can I get mexican food,restaurant
Show north indian places nearby,restaurant
Best south indian around here,restaurant
Nearby gujarati food spot,restaurant
Any pizza joints open,restaurant
Looking for chinese cuisine,restaurant
Top rated italian food,restaurant
Best mexican dinner places,restaurant
fine dining near me,restaurant
italian restaurant,restaurant
mexican food,restaurant
sushi bar,restaurant
fast food chains,restaurant
seafood restaurant,restaurant
vegetarian restaurant,restaurant
barbecue place,restaurant
steakhouse nearby,restaurant
indian curry house,restaurant
thai food,restaurant
korean bbq,restaurant
ramen shop,restaurant
pizza delivery,restaurant
buffet restaurant,restaurant
family restaurant,restaurant
romantic dinner spot,restaurant
brunch place,restaurant
24 hour diner,restaurant
food truck location,restaurant
bakery restaurant,restaurant
sandwich shop,restaurant
noodle house,restaurant
burger joint,restaurant
chicken restaurant,restaurant
Mediterranean food,restaurant
greek restaurant,restaurant
japanese cuisine,restaurant
vietnamese pho,restaurant
american grill,restaurant
french bistro,restaurant
spanish tapas,restaurant
middle eastern food,restaurant
ethiopian restaurant,restaurant
peruvian cuisine,restaurant
brazilian steakhouse,restaurant
dim sum restaurant,restaurant
hotpot place,restaurant
street food,restaurant
takeaway restaurant,restaurant
drive through restaurant,restaurant
organic restaurant,restaurant
vegan restaurant,restaurant
gluten free restaurant,restaurant
halal restaurant,restaurant
kosher restaurant,restaurant
food court restaurant,restaurant
mall restaurant,restaurant
airport restaurant,restaurant
hotel restaurant,restaurant
local coffee shop,cafe
espresso bar,cafe
internet cafe,cafe
24 hour cafe,cafe
bookstore cafe,cafe
outdoor cafe,cafe
rooftop cafe,cafe
chain coffee shop,cafe
independent cafe,cafe
study cafe,cafe
meeting cafe,cafe
breakfast cafe,cafe
pastry cafe,cafe
tea house,cafe
juice bar,cafe
smoothie cafe,cafe
dessert cafe,cafe
ice cream cafe,cafe
gaming cafe,cafe
cat cafe,cafe
drive through coffee,cafe
coffee roastery,cafe
specialty coffee,cafe
artisan cafe,cafe
coworking cafe,cafe
quiet cafe,cafe
wifi cafe,cafe
laptop friendly cafe,cafe
outdoor seating cafe,cafe
historic cafe,cafe
trendy cafe,cafe
family cafe,cafe
pet friendly cafe,cafe
late night cafe,cafe
early morning cafe,cafe
coffee and pastry,cafe
local hangout cafe,cafe
student cafe,cafe
business meeting cafe,cafe
date cafe,cafe
scenic viewpoint,tourist_attraction
historical monument,tourist_attraction
ancient temple,tourist_attraction
famous landmark,tourist_attraction
city center attraction,tourist_attraction
cultural site,tourist_attraction
heritage building,tourist_attraction
religious site,tourist_attraction
architectural marvel,tourist_attraction
natural wonder,tourist_attraction
beach attraction,tourist_attraction
mountain viewpoint,tourist_attraction
waterfall location,tourist_attraction
garden park,tourist_attraction
zoo location,tourist_attraction
botanical garden,tourist_attraction
observatory,tourist_attraction
lighthouse,tourist_attraction
castle ruins,tourist_attraction
palace tour,tourist_attraction
fort visit,tourist_attraction
memorial site,tourist_attraction
statue location,tourist_attraction
bridge viewpoint,tourist_attraction
tower observation,tourist_attraction
market square,tourist_attraction
old town area,tourist_attraction
walking tour,tourist_attraction
boat tour,tourist_attraction
cable car ride,tourist_attraction
scenic drive,tourist_attraction
hiking trail,tourist_attraction
nature reserve,tourist_attraction
wildlife sanctuary,tourist_attraction
bird watching spot,tourist_attraction
photography location,tourist_attraction
sunset point,tourist_attraction
sunrise location,tourist_attraction
festival ground,tourist_attraction
concert venue,tourist_attraction
sports stadium,tourist_attraction
racing track,tourist_attraction
golf course,tourist_attraction
ski resort,tourist_attraction
beach resort,tourist_attraction
spa resort,tourist_attraction
adventure park,tourist_attraction
water sports,tourist_attraction
diving spot,tourist_attraction
fishing spot,tourist_attraction
history museum,museum
science museum,museum
natural history museum,museum
technology museum,museum
war museum,museum
maritime museum,museum
aviation museum,museum
automobile museum,museum
railway museum,museum
space museum,museum
archaeology museum,museum
ethnographic museum,museum
cultural museum,museum
local history museum,museum
children museum,museum
interactive museum,museum
wax museum,museum
textile museum,museum
music museum,museum
sports museum,museum
photography museum,museum
design museum,museum
toy museum,museum
geological museum,museum
medical museum,museum
religious museum,museum
folk museum,museum
craft museum,museum
house museum,museum
palace museum,museum
contemporary art gallery,art_gallery
modern art museum,art_gallery
traditional art gallery,art_gallery
sculpture gallery,art_gallery
painting exhibition,art_gallery
photography gallery,art_gallery
mixed media gallery,art_gallery
local artist gallery,art_gallery
commercial gallery,art_gallery
public art gallery,art_gallery
private collection,art_gallery
art studio visit,art_gallery
ceramic gallery,art_gallery
textile art gallery,art_gallery
digital art gallery,art_gallery
street art gallery,art_gallery
folk art gallery,art_gallery
abstract art gallery,art_gallery
portrait gallery,art_gallery
landscape gallery,art_gallery
theme park,amusement_park
water park,amusement_park
adventure park,amusement_park
family fun center,amusement_park
roller coaster park,amusement_park
carnival location,amusement_park
fairground,amusement_park
entertainment complex,amusement_park
indoor playground,amusement_park
outdoor playground,amusement_park
kids play area,amusement_park
arcade center,amusement_park
go kart track,amusement_park
mini golf,amusement_park
bowling alley,amusement_park
laser tag arena,amusement_park
trampoline park,amusement_park
climbing wall,amusement_park
paintball arena,amusement_park
escape room,amusement_park
cash machine,atm
atm near me,atm
bank atm,atm
24 hour atm,atm
fee free atm,atm
drive through atm,atm
indoor atm,atm
outdoor atm,atm
shopping center atm,atm
airport atm,atm
hotel atm,atm
gas station atm,atm
convenience store atm,atm
mall atm,atm
bank branch atm,atm
credit union atm,atm
withdraw money,atm
cash point,atm
money machine,atm
atm location,atm
central bus station,bus_station
local bus stop,bus_station
intercity bus terminal,bus_station
express bus station,bus_station
shuttle bus stop,bus_station
tour bus station,bus_station
airport shuttle,bus_station
hotel shuttle,bus_station
city bus route,bus_station
suburban bus stop,bus_station
school bus stop,bus_station
night bus station,bus_station
bus depot,bus_station
transit center,bus_station
park and ride,bus_station
bus interchange,bus_station
coach station,bus_station
public transport,bus_station
bus schedule,bus_station
bus route map,bus_station
emergency hospital,hospital
general hospital,hospital
private hospital,hospital
public hospital,hospital
specialty hospital,hospital
children hospital,hospital
maternity hospital,hospital
eye hospital,hospital
dental hospital,hospital
psychiatric hospital,hospital
rehabilitation center,hospital
urgent care center,hospital
walk in clinic,hospital
medical center,hospital
health clinic,hospital
family clinic,hospital
outpatient clinic,hospital
diagnostic center,hospital
blood bank,hospital
pharmacy hospital,hospital
petrol station,gas_station
fuel station,gas_station
diesel pump,gas_station
gas pump,gas_station
service station,gas_station
truck stop,gas_station
highway gas station,gas_station
24 hour gas station,gas_station
full service station,gas_station
self service pump,gas_station
electric charging station,gas_station
car wash station,gas_station
convenience gas station,gas_station
branded gas station,gas_station
independent gas station,gas_station
marine fuel station,gas_station
aviation fuel,gas_station
propane station,gas_station
auto repair gas station,gas_station
gas station with store,gas_station
grocery store,supermarket
department store,supermarket
hypermarket,supermarket
convenience store,supermarket
organic market,supermarket
farmers market,supermarket
specialty store,supermarket
wholesale store,supermarket
discount store,supermarket
chain supermarket,supermarket
local market,supermarket
ethnic grocery,supermarket
health food store,supermarket
gourmet market,supermarket
bulk store,supermarket
frozen food store,supermarket
fresh produce market,supermarket
meat market,supermarket
seafood market,supermarket
bakery store,supermarket
dairy store,supermarket
beverage store,supermarket
candy store,supermarket
international market,supermarket
24 hour supermarket,supermarket
online grocery pickup,supermarket
drive through grocery,supermarket
mall supermarket,supermarket
neighborhood store,supermarket
corner shop,supermarket
delicatessen,supermarket
food co-op,supermarket
warehouse store,supermarket
outlet store,supermarket
duty free shop,supermarket
airport shop,supermarket
hotel shop,supermarket
gas station store,supermarket
pharmacy store,supermarket
medical supplies store,supermarket
pet food store,supermarket
find a good restaurant,restaurant
where to eat lunch,restaurant
dinner recommendation,restaurant
best food nearby,restaurant
hungry need food,restaurant
restaurant with parking,restaurant
outdoor dining,restaurant
indoor seating restaurant,restaurant
restaurant delivery,restaurant
restaurant takeout,restaurant
restaurant reservation,restaurant
popular restaurant,restaurant
highly rated restaurant,restaurant
cheap eats,restaurant
expensive restaurant,restaurant
restaurant with view,restaurant
waterfront restaurant,restaurant
downtown restaurant,restaurant
suburban restaurant,restaurant
highway restaurant,restaurant
airport food,restaurant
hotel dining,restaurant
mall food court,restaurant
campus restaurant,restaurant
hospital cafeteria,restaurant
office lunch,restaurant
catering restaurant,restaurant
banquet hall,restaurant
wedding venue restaurant,restaurant
birthday party restaurant,restaurant
anniversary dinner,restaurant
business lunch,restaurant
coffee meeting place,cafe
study spot,cafe
work from cafe,cafe
meet friends cafe,cafe
date location cafe,cafe
morning coffee,cafe
afternoon tea,cafe
evening coffee,cafe
coffee break,cafe
coffee to go,cafe
sit down cafe,cafe
grab and go coffee,cafe
coffee subscription,cafe
coffee beans,cafe
fresh roasted coffee,cafe
single origin coffee,cafe
fair trade coffee,cafe
organic coffee,cafe
decaf coffee,cafe
cold brew coffee,cafe
iced coffee,cafe
hot coffee,cafe
espresso shot,cafe
cappuccino,cafe
latte art,cafe
americano,cafe
macchiato,cafe
mocha,cafe
frappuccino,cafe
bubble tea,cafe
chai latte,cafe
green tea,cafe
herbal tea,cafe
matcha latte,cafe
scenic beauty,tourist_attraction
must see attraction,tourist_attraction
bucket list destination,tourist_attraction
instagram worthy spot,tourist_attraction
family friendly attraction,tourist_attraction
romantic destination,tourist_attraction
adventure activity,tourist_attraction
cultural experience,tourist_attraction
educational visit,tourist_attraction
guided tour,tourist_attraction
self guided tour,tourist_attraction
audio tour,tourist_attraction
group tour,tourist_attraction
private tour,tourist_attraction
day trip,tourist_attraction
weekend getaway,tourist_attraction
vacation destination,tourist_attraction
honeymoon spot,tourist_attraction
solo travel,tourist_attraction
backpacker destination,tourist_attraction
luxury travel,tourist_attraction
budget attraction,tourist_attraction
free attraction,tourist_attraction
paid attraction,tourist_attraction
seasonal attraction,tourist_attraction
year round attraction,tourist_attraction
indoor attraction,tourist_attraction
outdoor attraction,tourist_attraction
weather dependent,tourist_attraction
accessible attraction,tourist_attraction
parking available,tourist_attraction
public transport access,tourist_attraction
walking distance,tourist_attraction
bicycle friendly,tourist_attraction
pet friendly attraction,tourist_attraction
food available,tourist_attraction
gift shop,tourist_attraction
restroom facilities,tourist_attraction
visitor center,tourist_attraction
information desk,tourist_attraction
ticket office,tourist_attraction
online booking,tourist_attraction
advance reservation,tourist_attraction
walk in welcome,tourist_attraction
group discount,tourist_attraction
student discount,tourist_attraction
senior discount,tourist_attraction
military discount,tourist_attraction
opening hours,tourist_attraction
closing time,tourist_attraction
extended hours,tourist_attraction
night attraction,tourist_attraction
early morning,tourist_attraction
theme parks near me,amusement_park
fun rides around,amusement_park
water park suggestions,amusement_park
rollercoaster parks,amusement_park
water park suggestions,amusement_park
rollercoaster parks,amusement_park
fun rides around,amusement_park
water park suggestions,amusement_park
theme parks near me,amusement_park
fun rides around,amusement_park
rollercoaster parks,amusement_park
best amusement parks,amusement_park
rollercoaster parks,amusement_park
best amusement parks,amusement_park
rollercoaster parks,amusement_park
best amusement parks,amusement_park
best amusement parks,amusement_park
fun rides around,amusement_park
water park suggestions,amusement_park
best amusement parks,amusement_park
fun rides around,amusement_park
fun rides around,amusement_park
water park suggestions,amusement_park
fun rides around,amusement_park
water park suggestions,amusement_park
best amusement parks,amusement_park
fun rides around,amusement_park
theme parks near me,amusement_park
water park suggestions,amusement_park
theme parks near me,amusement_park
water park suggestions,amusement_park
water park suggestions,amusement_park
water park suggestions,amusement_park
theme parks near me,amusement_park
best amusement parks,amusement_park
theme parks near me,amusement_park
water park suggestions,amusement_park
fun rides around,amusement_park
rollercoaster parks,amusement_park
art gallery near me,art_gallery
modern art exhibitions,art_gallery
contemporary art show,art_gallery
art gallery near me,art_gallery
gallery tours nearby,art_gallery
contemporary art show,art_gallery
modern art exhibitions,art_gallery
modern art exhibitions,art_gallery
famous art galleries,art_gallery
art gallery near me,art_gallery
art gallery near me,art_gallery
contemporary art show,art_gallery
art gallery near me,art_gallery
gallery tours nearby,art_gallery
art gallery near me,art_gallery
contemporary art show,art_gallery
contemporary art show,art_gallery
gallery tours nearby,art_gallery
gallery tours nearby,art_gallery
contemporary art show,art_gallery
famous art galleries,art_gallery
famous art galleries,art_gallery
modern art exhibitions,art_gallery
contemporary art show,art_gallery
art gallery near me,art_gallery
modern art exhibitions,art_gallery
contemporary art show,art_gallery
famous art galleries,art_gallery
contemporary art show,art_gallery
gallery tours nearby,art_gallery
gallery tours nearby,art_gallery
art gallery near me,art_gallery
modern art exhibitions,art_gallery
famous art galleries,art_gallery
art gallery near me,art_gallery
famous art galleries,art_gallery
contemporary art show,art_gallery
famous art galleries,art_gallery
modern art exhibitions,art_gallery
famous art galleries,art_gallery
modern art exhibitions,art_gallery
art gallery near me,art_gallery
contemporary art show,art_gallery
modern art exhibitions,art_gallery
famous art galleries,art_gallery
contemporary art show,art_gallery
art gallery near me,art_gallery
modern art exhibitions,art_gallery
need an atm now,atm
find atm nearby,atm
nearest atm machine,atm
cash withdrawal place,atm
nearest atm machine,atm
cash withdrawal place,atm
nearest atm machine,atm
need an atm now,atm
cash withdrawal place,atm
atm around here,atm
need an atm now,atm
need an atm now,atm
need an atm now,atm
nearest atm machine,atm
atm around here,atm
nearest atm machine,atm
nearest atm machine,atm
find atm nearby,atm
find atm nearby,atm
cash withdrawal place,atm
atm around here,atm
need an atm now,atm
atm around here,atm
cash withdrawal place,atm
find atm nearby,atm
cash withdrawal place,atm
need an atm now,atm
need an atm now,atm
nearest atm machine,atm
need an atm now,atm
nearest atm machine,atm
find atm nearby,atm
need an atm now,atm
atm around here,atm
cash withdrawal place,atm
need an atm now,atm
cash withdrawal place,atm
nearest atm machine,atm
nearest atm machine,atm
atm around here,atm
need an atm now,atm
find atm nearby,atm
find atm nearby,atm
find atm nearby,atm
atm around here,atm
cash withdrawal place,atm
nearest atm machine,atm
nearest atm machine,atm
atm around here,atm
need an atm now,atm
bus station location,bus_station
bus station location,bus_station
where's the main bus terminal,bus_station
city bus depot,bus_station
bus station location,bus_station
where's the main bus terminal,bus_station
bus stop near me,bus_station
where's the main bus terminal,bus_station
nearest bus stop,bus_station
bus station location,bus_station
city bus depot,bus_station
nearest bus stop,bus_station
nearest bus stop,bus_station
city bus depot,bus_station
where's the main bus terminal,bus_station
bus stop near me,bus_station
bus station location,bus_station
where's the main bus terminal,bus_station
city bus depot,bus_station
city bus depot,bus_station
bus station location,bus_station
bus station location,bus_station
bus stop near me,bus_station
city bus depot,bus_station
bus stop near me,bus_station
city bus depot,bus_station
bus station location,bus_station
bus stop near me,bus_station
nearest bus stop,bus_station
nearest bus stop,bus_station
city bus depot,bus_station
bus stop near me,bus_station
bus station location,bus_station
bus stop near me,bus_station
nearest bus stop,bus_station
city bus depot,bus_station
nearest bus stop,bus_station
bus stop near me,bus_station
where's the main bus terminal,bus_station
bus stop near me,bus_station
city bus depot,bus_station
nearest bus stop,bus_station
city bus depot,bus_station
bus stop near me,bus_station
nearest bus stop,bus_station
bus station location,bus_station
where's the main bus terminal,bus_station
bus station location,bus_station
bus station location,bus_station
city bus depot,bus_station
nearest bus stop,bus_station
where's the main bus terminal,bus_station
nearest bus stop,bus_station
bus stop near me,bus_station
city bus depot,bus_station
where to get cappuccino,cafe
where to get cappuccino,cafe
espresso bars around,cafe
find me a cafe,cafe
coffee shop recommendations,cafe
find me a cafe,cafe
quiet cafe nearby,cafe
espresso bars around,cafe
espresso bars around,cafe
where to get cappuccino,cafe
quiet cafe nearby,cafe
where to get cappuccino,cafe
where to get cappuccino,cafe
where to get cappuccino,cafe
where to get cappuccino,cafe
espresso bars around,cafe
find me a cafe,cafe
where to get cappuccino,cafe
coffee shop recommendations,cafe
find me a cafe,cafe
find me a cafe,cafe
coffee shop recommendations,cafe
quiet cafe nearby,cafe
quiet cafe nearby,cafe
coffee shop recommendations,cafe
where to get cappuccino,cafe
espresso bars around,cafe
where to get cappuccino,cafe
espresso bars around,cafe
coffee shop recommendations,cafe
espresso bars around,cafe
quiet cafe nearby,cafe
where to get cappuccino,cafe
quiet cafe nearby,cafe
coffee shop recommendations,cafe
find me a cafe,cafe
where to get cappuccino,cafe
nearest fuel station,gas_station
gas refill spot,gas_station
petrol pump nearby,gas_station
gas station open now,gas_station
gas refill spot,gas_station
find gas station,gas_station
gas station open now,gas_station
petrol pump nearby,gas_station
gas station open now,gas_station
gas refill spot,gas_station
gas refill spot,gas_station
gas station open now,gas_station
petrol pump nearby,gas_station
nearest fuel station,gas_station
gas station open now,gas_station
nearest fuel station,gas_station
nearest fuel station,gas_station
gas refill spot,gas_station
find gas station,gas_station
gas station open now,gas_station
petrol pump nearby,gas_station
petrol pump nearby,gas_station
nearest fuel station,gas_station
find gas station,gas_station
nearest fuel station,gas_station
petrol pump nearby,gas_station
nearest fuel station,gas_station
find gas station,gas_station
gas refill spot,gas_station
gas refill spot,gas_station
gas refill spot,gas_station
petrol pump nearby,gas_station
petrol pump nearby,gas_station
nearest fuel station,gas_station
nearest clinic,hospital
nearest clinic,hospital
good hospitals around,hospital
where is the hospital,hospital
nearest clinic,hospital
urgent care location,hospital
where is the hospital,hospital
nearest clinic,hospital
emergency hospital nearby,hospital
urgent care location,hospital
urgent care location,hospital
where is the hospital,hospital
good hospitals around,hospital
emergency hospital nearby,hospital
nearest clinic,hospital
nearest clinic,hospital
good hospitals around,hospital
emergency hospital nearby,hospital
good hospitals around,hospital
urgent care location,hospital
good hospitals around,hospital
good hospitals around,hospital
emergency hospital nearby,hospital
where is the hospital,hospital
urgent care location,hospital
nearest clinic,hospital
emergency hospital nearby,hospital
urgent care location,hospital
urgent care location,hospital
good hospitals around,hospital
urgent care location,hospital
emergency hospital nearby,hospital
where is the hospital,hospital
good hospitals around,hospital
good hospitals around,hospital
where is the hospital,hospital
emergency hospital nearby,hospital
urgent care location,hospital
nearest clinic,hospital
where is the hospital,hospital
emergency hospital nearby,hospital
urgent care location,hospital
urgent care location,hospital
where is the hospital,hospital
emergency hospital nearby,hospital
good hospitals around,hospital
art museum around,museum
history museums,museum
history museums,museum
art museum around,museum
local museums open now,museum
art museum around,museum
local museums open now,museum
history museums,museum
museum exhibits today,museum
cultural museum nearby,museum
local museums open now,museum
museum exhibits today,museum
local museums open now,museum
local museums open now,museum
history museums,museum
museum exhibits today,museum
local museums open now,museum
museum exhibits today,museum
history museums,museum
art museum around,museum
museum exhibits today,museum
local museums open now,museum
museum exhibits today,museum
art museum around,museum
museum exhibits today,museum
history museums,museum
local museums open now,museum
museum exhibits today,museum
art museum around,museum
local museums open now,museum
local museums open now,museum
museum exhibits today,museum
local museums open now,museum
cultural museum nearby,museum
museum exhibits today,museum
cultural museum nearby,museum
cultural museum nearby,museum
local museums open now,museum
art museum around,museum
art museum around,museum
cultural museum nearby,museum
art museum around,museum
art museum around,museum
museum exhibits today,museum
art museum around,museum
museum exhibits today,museum
history museums,museum
art museum around,museum
art museum around,museum
dinner places close to me,restaurant
good food spots,restaurant
dinner places close to me,restaurant
best lunch places around,restaurant
best lunch places around,restaurant
good food spots,restaurant
best lunch places around,restaurant
best lunch places around,restaurant
good food spots,restaurant
dinner places close to me,restaurant
good food spots,restaurant
best lunch places around,restaurant
dinner places close to me,restaurant
best lunch places around,restaurant
find restaurants nearby,restaurant
find restaurants nearby,restaurant
find restaurants nearby,restaurant
dinner places close to me,restaurant
find restaurants nearby,restaurant
dinner places close to me,restaurant
where can I eat,restaurant
dinner places close to me,restaurant
best lunch places around,restaurant
best lunch places around,restaurant
dinner places close to me,restaurant
dinner places close to me,restaurant
good food spots,restaurant
find restaurants nearby,restaurant
dinner places close to me,restaurant
good food spots,restaurant
find restaurants nearby,restaurant
best lunch places around,restaurant
find restaurants nearby,restaurant
best lunch places around,restaurant
good food spots,restaurant
good food spots,restaurant
dinner places close to me,restaurant
good food spots,restaurant
good food spots,restaurant
best lunch places around,restaurant
good food spots,restaurant
dinner places close to me,restaurant
best lunch places around,restaurant
dinner places close to me,restaurant
dinner places close to me,restaurant
best lunch places around,restaurant
find restaurants nearby,restaurant
supermarket near me,supermarket
supermarket near me,supermarket
where to buy groceries,supermarket
need supermarket,supermarket
marketplace nearby,supermarket
supermarket near me,supermarket
need supermarket,supermarket
marketplace nearby,supermarket
closest grocery store,supermarket
need supermarket,supermarket
where to buy groceries,supermarket
supermarket near me,supermarket
need supermarket,supermarket
marketplace nearby,supermarket
marketplace nearby,supermarket
supermarket near me,supermarket
closest grocery store,supermarket
supermarket near me,supermarket
supermarket near me,supermarket
where to buy groceries,supermarket
closest grocery store,supermarket
need supermarket,supermarket
where to buy groceries,supermarket
supermarket near me,supermarket
closest grocery store,supermarket
need supermarket,supermarket
where to buy groceries,supermarket
where to buy groceries,supermarket
where to buy groceries,supermarket
marketplace nearby,supermarket
closest grocery store,supermarket
supermarket near me,supermarket
need supermarket,supermarket
need supermarket,supermarket
need supermarket,supermarket
where to buy groceries,supermarket
supermarket near me,supermarket
closest grocery store,supermarket
closest grocery store,supermarket
closest grocery store,supermarket
marketplace nearby,supermarket
supermarket near me,supermarket
need supermarket,supermarket
famous monuments,tourist_attraction
top sightseeing spots,tourist_attraction
places to visit in city,tourist_attraction
top sightseeing spots,tourist_attraction
famous monuments,tourist_attraction
places to visit in city,tourist_attraction
top sightseeing spots,tourist_attraction
tourist sites near me,tourist_attraction
places to visit in city,tourist_attraction
places to visit in city,tourist_attraction
places to visit in city,tourist_attraction
top sightseeing spots,tourist_attraction
top sightseeing spots,tourist_attraction
famous monuments,tourist_attraction
tourist sites near me,tourist_attraction
tourist sites near me,tourist_attraction
tourist sites near me,tourist_attraction
top sightseeing spots,tourist_attraction
famous monuments,tourist_attraction
places to visit in city,tourist_attraction
tourist sites near me,tourist_attraction
top sightseeing spots,tourist_attraction
historic sites nearby,tourist_attraction
historic sites nearby,tourist_attraction
top sightseeing spots,tourist_attraction
famous monuments,tourist_attraction
tourist sites near me,tourist_attraction
historic sites nearby,tourist_attraction
top sightseeing spots,tourist_attraction
famous monuments,tourist_attraction
historic sites nearby,tourist_attraction
historic sites nearby,tourist_attraction
historic sites nearby,tourist_attraction
places to visit in city,tourist_attraction
places to visit in city,tourist_attraction
top sightseeing spots,tourist_attraction
places to visit in city,tourist_attraction
famous monuments,tourist_attraction
top sightseeing spots,tourist_attraction
historic sites nearby,tourist_attraction
famous monuments,tourist_attraction
famous monuments,tourist_attraction
top sightseeing spots,tourist_attraction
places to visit in city,tourist_attraction
tourist sites near me,tourist_attraction
historic sites nearby,tourist_attraction
places to visit in city,tourist_attraction
historic sites nearby,tourist_attraction
historic sites nearby,tourist_attraction
tourist sites near me,tourist_attraction
places to visit in city,tourist_attraction
historic sites nearby,tourist_attraction
i am hurt,hospital
i got hurt,hospital
injury,hospital
urgent care,hospital
medicine,hospital
medical,hospital